RegAcadYear;AnonID;Course;Exam Mark;Deferred;Exemption;Percent;Symbol;RegProgram;RegProgramDescr;Gender;Population Group;DEMOG;SA Citizenship Status;Repeat?
2012;AAB0074;BUS2016H;88;0;E;88;1;CB003;BBusSc in Actuarial Science;M;White;White;C;FALSE
2012;AAB0032;BUS2016H;83;0;E;83;1;CB003;BBusSc in Actuarial Science;M;White;White;C;FALSE
2012;AAB0151;BUS2016H;83;0;E;87;1;CB003;BBusSc in Actuarial Science;M;Indian;Indian;C;FALSE
2012;AAB0307;BUS2016H;82;0;E;82;1;CB003;BBusSc in Actuarial Science;M;Non Applicable/Unknown;International;F;FALSE
2012;AAB0322;BUS2016H;82;0;E;82;1;CB003;BBusSc in Actuarial Science;M;Indian;Indian;C;FALSE
2012;AAB0025;BUS2016H;80;0;E;80;1;CB003;BBusSc in Actuarial Science;M;White;White;C;FALSE
2012;AAB0345;BUS2016H;80;0;E;80;1;CB003;BBusSc in Actuarial Science;M;Coloured;Coloured;C;FALSE
2012;AAB0170;BUS2016H;79;0;E;79;1;CB003;BBusSc in Actuarial Science;M;Black;Black;C;FALSE
2012;AAB0243;BUS2016H;79;0;E;79;1;CB003;BBusSc in Actuarial Science;M;Indian;Indian;C;FALSE
2012;AAB0210;BUS2016H;79;0;E;79;1;CB018;BBusSc Actuarial Sc;M;Indian;Indian;C;FALSE
2012;AAB0221;BUS2016H;78;0;E;78;1;CB003;BBusSc in Actuarial Science;M;Black;Black;C;FALSE
2012;AAB0006;BUS2016H;78;0;E;80;1;CB003;BBusSc in Actuarial Science;M;White;White;C;FALSE
2012;AAB0297;BUS2016H;78;0;E;78;1;CB018;BBusSc Actuarial Sc;M;Black;Black;C;FALSE
2012;AAB0341;BUS2016H;77;0;E;77;1;CB003;BBusSc in Actuarial Science;F;White;White;C;FALSE
2012;AAB0321;BUS2016H;76;0;E;76;1;CB003;BBusSc in Actuarial Science;M;Indian;Indian;C;FALSE
2012;AAC0846;BUS2016H;76;0;E;76;1;CB003;BBusSc in Actuarial Science;M;White;White;C;FALSE
2012;AAB0359;BUS2016H;76;0;E;76;1;CB003;BBusSc in Actuarial Science;F;Chinese;Chinese;C;FALSE
2012;AAA0064;BUS2016H;75;0;E;75;1;CB003;BBusSc in Actuarial Science;M;White;White;C;FALSE
2012;AAB0022;BUS2016H;75;0;E;75;1;CB003;BBusSc in Actuarial Science;M;White;White;C;FALSE
2012;AAB0302;BUS2016H;74;0;E;74;2+;CB003;BBusSc in Actuarial Science;M;White;White;C;FALSE
2012;AAB0066;BUS2016H;73;0;E;73;2+;CB003;BBusSc in Actuarial Science;M;White;White;C;FALSE
2012;AAB0150;BUS2016H;72;0;E;72;2+;CB003;BBusSc in Actuarial Science;M;White;White;C;FALSE
2012;AAB0182;BUS2016H;72;0;E;72;2+;CB003;BBusSc in Actuarial Science;M;Indian;Indian;C;FALSE
2012;AAC0297;BUS2016H;72;0;E;72;2+;CB003;BBusSc in Actuarial Science;M;Indian;Indian;C;FALSE
2012;AAB0141;BUS2016H;72;0;E;76;1;CB003;BBusSc in Actuarial Science;M;Chinese;Chinese;C;FALSE
2012;AAB0125;BUS2016H;71;0;E;71;2+;CB018;BBusSc Actuarial Sc;M;Black;Black;C;FALSE
2012;AAA0427;BUS2016H;70;0;E;70;2+;CB003;BBusSc in Actuarial Science;M;Black;International;F;FALSE
2012;AAB0179;BUS2016H;70;0;E;70;2+;CB018;BBusSc Actuarial Sc;M;Black;Black;C;FALSE
2012;AAB0245;BUS2016H;69;0;E;70;2+;CB003;BBusSc in Actuarial Science;M;Indian;Indian;C;FALSE
2012;AAB0337;BUS2016H;68;0;E;70;2+;CB003;BBusSc in Actuarial Science;M;Non Applicable/Unknown;Unknown;P;FALSE
2012;AAC0753;BUS2016H;68;0;E;70;2+;CB003;BBusSc in Actuarial Science;M;White;White;C;FALSE
2012;AAB0229;BUS2016H;67;0;E;68;2-;CB003;BBusSc in Actuarial Science;F;Indian;Indian;C;FALSE
2012;AAB0228;BUS2016H;67;0;E;70;2+;CB003;BBusSc in Actuarial Science;M;Indian;Indian;C;FALSE
2012;AAB0157;BUS2016H;66;0;E;66;2-;CB003;BBusSc in Actuarial Science;F;Indian;Indian;C;FALSE
2012;AAB0082;BUS2016H;66;0;E;68;2-;CB003;BBusSc in Actuarial Science;M;Indian;Indian;C;FALSE
2012;AAB0354;BUS2016H;66;0;E;70;2+;CB003;BBusSc in Actuarial Science;M;White;White;C;FALSE
2012;AAC0979;BUS2016H;66;0;E;70;2+;CB003;BBusSc in Actuarial Science;M;White;White;C;FALSE
2012;AAB0098;BUS2016H;65;0;E;68;2-;CB003;BBusSc in Actuarial Science;M;Coloured;Coloured;C;FALSE
2012;AAA0166;BUS2016H;64;0;E;64;2-;CB003;BBusSc in Actuarial Science;M;White;White;C;FALSE
2012;AAB0305;BUS2016H;64;0;E;64;2-;CB003;BBusSc in Actuarial Science;M;Black;Black;C;FALSE
2012;AAB0278;BUS2016H;64;0;E;68;2-;CB003;BBusSc in Actuarial Science;M;White;White;C;FALSE
2012;AAC0520;BUS2016H;63;0;E;63;2-;CB019;BCom Actuarial Science;M;Non Applicable/Unknown;International;F;FALSE
2012;AAC0342;BUS2016H;63;0;E;63;2-;CB003;BBusSc in Actuarial Science;M;Non Applicable/Unknown;International;F;FALSE
2012;AAB0171;BUS2016H;63;0;E;65;2-;CB003;BBusSc in Actuarial Science;M;Non Applicable/Unknown;International;F;FALSE
2012;AAB0353;BUS2016H;62;0;E;62;2-;CB003;BBusSc in Actuarial Science;M;White;White;C;FALSE
2012;AAB0314;BUS2016H;61;0;E;61;2-;CB018;BBusSc Actuarial Sc;M;Black;Black;C;FALSE
2012;AAC0932;BUS2016H;60;0;E;60;2-;CB003;BBusSc in Actuarial Science;F;Black;Black;C;FALSE
2012;AAB0160;BUS2016H;58;0;0;58;3;CB003;BBusSc in Actuarial Science;M;Non Applicable/Unknown;International;F;FALSE
2012;AAC0131;BUS2016H;58;0;0;59;3;CB003;BBusSc in Actuarial Science;M;White;White;C;FALSE
2012;AAC0978;BUS2016H;58;0;0;59;3;CB003;BBusSc in Actuarial Science;M;Non Applicable/Unknown;International;F;FALSE
2012;AAB0040;BUS2016H;58;0;0;61;2-;CB003;BBusSc in Actuarial Science;M;Non Applicable/Unknown;International;F;FALSE
2012;AAC0530;BUS2016H;58;0;0;61;2-;CB003;BBusSc in Actuarial Science;F;Black;International;F;FALSE
2012;AAB0248;BUS2016H;58;0;0;63;2-;CB003;BBusSc in Actuarial Science;M;Indian;Indian;C;FALSE
2012;AAB0056;BUS2016H;57;0;0;58;3;CB003;BBusSc in Actuarial Science;F;Black;Black;C;FALSE
2012;AAC0154;BUS2016H;57;0;0;58;3;CB003;BBusSc in Actuarial Science;M;Black;Black;C;FALSE
2012;AAB0237;BUS2016H;56;0;0;59;3;CB003;BBusSc in Actuarial Science;F;Black;Black;C;FALSE
2012;AAB0239;BUS2016H;56;0;0;60;2-;CB003;BBusSc in Actuarial Science;M;Black;Black;C;FALSE
2012;AAA0100;BUS2016H;56;0;0;61;2-;CB018;BBusSc Actuarial Sc;M;Black;Black;C;FALSE
2012;AAA0210;BUS2016H;55;0;0;55;3;CB003;BBusSc in Actuarial Science;M;Non Applicable/Unknown;International;F;FALSE
2012;AAB0281;BUS2016H;55;0;0;55;3;CB003;BBusSc in Actuarial Science;M;White;White;C;FALSE
2012;AAB0349;BUS2016H;55;0;0;62;2-;CB003;BBusSc in Actuarial Science;M;Indian;Indian;C;FALSE
2012;AAB0064;BUS2016H;54;0;0;57;3;CB003;BBusSc in Actuarial Science;F;White;White;C;FALSE
2012;AAC0555;BUS2016H;53;0;0;55;3;CB018;BBusSc Actuarial Sc;M;Black;Black;C;FALSE
2012;AAC0928;BUS2016H;50;0;0;56;3;CB019;BCom Actuarial Science;F;Black;Black;C;FALSE
2012;AAA0088;BUS2016H;49;0;0;52;3;CB003;BBusSc in Actuarial Science;M;Black;Black;C;FALSE
2012;AAC0305;BUS2016H;49;0;0;56;3;CB003;BBusSc in Actuarial Science;M;Indian;Indian;C;FALSE
2012;AAC0864;BUS2016H;48;0;0;48;F;CB018;BBusSc Actuarial Sc;M;Black;Black;C;FALSE
2012;AAA0091;BUS2016H;46;0;0;47;F;CB003;BBusSc in Actuarial Science;M;Non Applicable/Unknown;International;F;FALSE
2012;AAC0148;BUS2016H;45;0;0;48;F;CB019;BCom Actuarial Science;F;Black;Black;C;FALSE
2012;AAA0005;BUS2016H;40;0;0;45;F;CB003;BBusSc in Actuarial Science;F;White;White;C;FALSE
2012;AAC0500;BUS2016H;37;0;0;40;F;CB019;BCom Actuarial Science;M;Black;International;F;FALSE
2012;AAC0545;BUS2016H;37;0;0;40;F;CB018;BBusSc Actuarial Sc;F;Black;Black;C;FALSE
2012;AAA0191;BUS2016H;34;0;0;41;F;CB018;BBusSc Actuarial Sc;M;Black;Black;C;FALSE
2012;AAC0216;BUS2016H;30;0;0;39;F;CB003;BBusSc in Actuarial Science;F;Black;International;F;FALSE
2012;AAC0974;BUS2016H;20;0;0;36;F;CB003;BBusSc in Actuarial Science;M;Black;Black;C;FALSE
2013;AAA0097;BUS2016H;86;0;E;84;1;CB003;BBusSc in Actuarial Science;M;Non Applicable/Unknown;International;F;FALSE
2013;AAA0031;BUS2016H;82;0;E;79;1;CB003;BBusSc in Actuarial Science;M;White;White;C;FALSE
2013;AAA0379;BUS2016H;80;0;E;76;1;CB003;BBusSc in Actuarial Science;M;White;White;C;FALSE
2013;AAB0095;BUS2016H;80;0;E;76;1;CB003;BBusSc in Actuarial Science;M;White;White;C;FALSE
2013;AAB0200;BUS2016H;79;0;E;77;1;CB003;BBusSc in Actuarial Science;M;Black;Black;C;FALSE
2013;AAA0409;BUS2016H;78;0;E;73;2+;CB003;BBusSc in Actuarial Science;M;Non Applicable/Unknown;International;F;FALSE
2013;AAA0375;BUS2016H;78;0;E;80;1;CB003;BBusSc in Actuarial Science;M;Indian;Indian;C;FALSE
2013;AAA0083;BUS2016H;77;0;E;77;1;CB003;BBusSc in Actuarial Science;F;White;White;C;FALSE
2013;AAA0226;BUS2016H;76;0;E;74;2+;CB003;BBusSc in Actuarial Science;M;Chinese;Chinese;C;FALSE
2013;AAA0214;BUS2016H;74;0;E;81;1;CB003;BBusSc in Actuarial Science;M;Coloured;Coloured;C;FALSE
2013;AAA0397;BUS2016H;72;0;E;76;1;CB003;BBusSc in Actuarial Science;F;White;White;C;FALSE
2013;AAA0237;BUS2016H;70;0;E;67;2-;CB003;BBusSc in Actuarial Science;F;White;White;C;FALSE
2013;AAA0122;BUS2016H;70;0;E;73;2+;CB003;BBusSc in Actuarial Science;M;White;White;C;FALSE
2013;AAA0146;BUS2016H;70;0;E;66;2-;CB018;BBusSc Actuarial Sc;F;Black;Black;C;FALSE
2013;AAA0399;BUS2016H;69;0;E;66;2-;CB003;BBusSc in Actuarial Science;M;White;White;C;FALSE
2013;AAA0208;BUS2016H;69;0;E;69;2-;CB003;BBusSc in Actuarial Science;F;Black;Black;C;FALSE
2013;AAA0169;BUS2016H;68;0;E;67;2-;CB003;BBusSc in Actuarial Science;F;White;White;C;FALSE
2013;AAB0109;BUS2016H;68;0;E;68;2-;CB003;BBusSc in Actuarial Science;F;Non Applicable/Unknown;International;F;FALSE
2013;AAA0254;BUS2016H;68;0;E;69;2-;CB003;BBusSc in Actuarial Science;M;White;White;C;FALSE
2013;AAA0101;BUS2016H;67;0;E;67;2-;CB003;BBusSc in Actuarial Science;M;White;White;C;FALSE
2013;AAA0342;BUS2016H;66;0;E;63;2-;CB003;BBusSc in Actuarial Science;M;Indian;Indian;C;FALSE
2013;AAA0360;BUS2016H;66;0;E;66;2-;CB018;BBusSc Actuarial Sc;M;Black;Black;C;FALSE
2013;AAB0163;BUS2016H;65;0;E;66;2-;CB003;BBusSc in Actuarial Science;F;Indian;Indian;C;FALSE
2013;AAA0341;BUS2016H;64;0;E;65;2-;CB003;BBusSc in Actuarial Science;M;White;White;C;FALSE
2013;AAA0363;BUS2016H;64;0;E;66;2-;CB003;BBusSc in Actuarial Science;M;Indian;Indian;C;FALSE
2013;AAA0003;BUS2016H;63;0;E;65;2-;CB003;BBusSc in Actuarial Science;M;Indian;Indian;C;FALSE
2013;AAB0253;BUS2016H;61;0;E;62;2-;CB020;BCom Actuarial Sc;M;Black;Black;C;FALSE
2013;AAB0316;BUS2016H;57;0;0;60;2-;CB018;BBusSc Actuarial Sc;M;Black;Black;C;FALSE
2013;AAA0265;BUS2016H;56;0;0;57;3;CB003;BBusSc in Actuarial Science;M;Black;International;F;FALSE
2013;AAA0185;BUS2016H;55;0;0;60;2-;CB003;BBusSc in Actuarial Science;M;Black;Black;C;FALSE
2013;AAA0151;BUS2016H;54;0;0;56;3;CB020;BCom Actuarial Sc;F;Coloured;Coloured;C;FALSE
2013;AAA0042;BUS2016H;54;0;0;55;3;CB003;BBusSc in Actuarial Science;M;Non Applicable/Unknown;International;F;FALSE
2013;AAA0366;BUS2016H;54;0;0;56;3;CB003;BBusSc in Actuarial Science;M;White;White;C;FALSE
2013;AAA0053;BUS2016H;54;0;0;59;3;CB003;BBusSc in Actuarial Science;F;White;White;C;FALSE
2013;AAA0391;BUS2016H;53;0;0;54;3;CB003;BBusSc in Actuarial Science;M;White;White;C;FALSE
2013;AAA0011;BUS2016H;53;0;0;62;2-;CB003;BBusSc in Actuarial Science;F;Indian;Indian;C;FALSE
2013;AAB0041;BUS2016H;52;0;0;56;3;CB003;BBusSc in Actuarial Science;M;Indian;International;F;FALSE
2013;AAB0291;BUS2016H;52;0;0;58;3;CB003;BBusSc in Actuarial Science;M;Indian;Indian;C;FALSE
2013;AAA0251;BUS2016H;52;0;0;55;3;CB018;BBusSc Actuarial Sc;M;Black;Black;C;FALSE
2013;AAA0319;BUS2016H;52;0;0;59;3;CB018;BBusSc Actuarial Sc;M;Black;Black;C;FALSE
2013;AAA0373;BUS2016H;51;0;0;56;3;CB003;BBusSc in Actuarial Science;M;Indian;Indian;C;FALSE
2013;AAA0356;BUS2016H;50;0;0;55;3;CB003;BBusSc in Actuarial Science;M;Indian;Indian;C;FALSE
2013;AAB0205;BUS2016H;50;0;0;57;3;CB018;BBusSc Actuarial Sc;F;Black;Black;C;FALSE
2013;AAA0244;BUS2016H;49;0;0;51;3;CB003;BBusSc in Actuarial Science;M;Black;Black;C;FALSE
2013;AAA0120;BUS2016H;48;0;0;51;3;CB003;BBusSc in Actuarial Science;M;Indian;Indian;C;FALSE
2013;AAA0301;BUS2016H;48;0;0;54;3;CB003;BBusSc in Actuarial Science;F;Black;Black;C;FALSE
2013;AAA0332;BUS2016H;48;0;0;55;3;CB003;BBusSc in Actuarial Science;M;Coloured;Coloured;C;FALSE
2013;AAA0417;BUS2016H;48;0;0;59;3;CB003;BBusSc in Actuarial Science;M;White;White;C;FALSE
2013;AAA0067;BUS2016H;46;0;0;50;3;CB003;BBusSc in Actuarial Science;M;White;White;C;FALSE
2013;AAA0187;BUS2016H;46;0;0;51;3;CB003;BBusSc in Actuarial Science;F;Black;International;F;FALSE
2013;AAA0019;BUS2016H;46;0;0;53;3;CB003;BBusSc in Actuarial Science;M;White;White;C;FALSE
2013;AAA0112;BUS2016H;46;0;0;56;3;CB003;BBusSc in Actuarial Science;F;White;White;C;FALSE
2013;AAA0096;BUS2016H;44;0;0;50;3;CB003;BBusSc in Actuarial Science;M;White;White;C;FALSE
2013;AAA0406;BUS2016H;44;0;0;50;3;CB003;BBusSc in Actuarial Science;F;Non Applicable/Unknown;Unknown;C;FALSE
2013;AAA0305;BUS2016H;43;0;0;51;3;CB018;BBusSc Actuarial Sc;M;Black;Black;C;FALSE
2013;AAC0360;BUS2016H;42;0;0;46;F;CB003;BBusSc in Actuarial Science;F;Non Applicable/Unknown;International;F;FALSE
2013;AAA0336;BUS2016H;40;0;0;51;3;CB003;BBusSc in Actuarial Science;F;White;White;C;FALSE
2013;AAB0060;BUS2016H;40;0;0;51;3;CB003;BBusSc in Actuarial Science;F;Indian;Indian;C;FALSE
2013;AAA0273;BUS2016H;39;0;0;48;F;CB018;BBusSc Actuarial Sc;F;Black;Black;C;FALSE
2013;AAA0359;BUS2016H;38;0;0;43;F;CB003;BBusSc in Actuarial Science;F;Non Applicable/Unknown;International;F;FALSE
2013;AAA0364;BUS2016H;38;0;0;43;F;CB003;BBusSc in Actuarial Science;F;Non Applicable/Unknown;International;F;FALSE
2013;AAB0174;BUS2016H;38;0;0;48;F;CB018;BBusSc Actuarial Sc;M;Black;Black;C;FALSE
2013;AAC0179;BUS2016H;37;0;0;43;F;CB003;BBusSc in Actuarial Science;M;White;White;C;FALSE
2013;AAA0002;BUS2016H;37;0;0;44;F;CB003;BBusSc in Actuarial Science;F;Coloured;Coloured;C;FALSE
2013;AAA0199;BUS2016H;37;0;0;45;F;CB003;BBusSc in Actuarial Science;M;Black;Black;C;FALSE
2013;AAC0880;BUS2016H;35;0;0;39;F;CB003;BBusSc in Actuarial Science;M;White;White;C;FALSE
2013;AAA0157;BUS2016H;35;0;0;48;F;CB003;BBusSc in Actuarial Science;F;White;White;C;FALSE
2013;AAC0719;BUS2016H;34;0;0;45;F;CB018;BBusSc Actuarial Sc;F;Black;Black;C;FALSE
2013;AAC0656;BUS2016H;33;0;0;41;F;CB020;BCom Actuarial Sc;F;Black;Black;C;FALSE
2013;AAA0221;BUS2016H;32;0;0;41;F;CB003;BBusSc in Actuarial Science;F;Black;International;F;FALSE
2013;AAB0311;BUS2016H;29;0;0;37;F;CB019;BCom Actuarial Science;M;Black;Black;C;FALSE
2013;AAB0142;BUS2016H;22;0;0;31;F;CB003;BBusSc in Actuarial Science;M;Non Applicable/Unknown;Unknown;P;FALSE
2013;AAC0264;BUS2016H;20;0;0;35;F;CB003;BBusSc in Actuarial Science;M;Indian;Indian;C;FALSE
2013;AAC0182;BUS2016H;17;0;0;31;F;CB019;BCom Actuarial Science;F;Black;Black;C;FALSE
2014;AAA0016;BUS2016H;94;0;E;90;1;CB003;BBusSc in Actuarial Science;M;Non Applicable/Unknown;International;F;FALSE
2014;AAA0077;BUS2016H;91;0;E;94;1;CB003;BBusSc in Actuarial Science;M;Non Applicable/Unknown;Unknown;C;FALSE
2014;AAA0061;BUS2016H;82;0;E;77;1;CB003;BBusSc in Actuarial Science;M;White;White;C;FALSE
2014;AAA0206;BUS2016H;80;0;E;73;2+;CB018;BBusSc Actuarial Sc;M;Black;Black;C;FALSE
2014;AAA0145;BUS2016H;78;0;E;75;1;CB003;BBusSc in Actuarial Science;M;Non Applicable/Unknown;International;F;FALSE
2014;AAC0580;BUS2016H;78;0;E;74;2+;CB018;BBusSc Actuarial Sc;M;Black;Black;C;FALSE
2014;AAA0173;BUS2016H;76;0;E;73;2+;CB003;BBusSc in Actuarial Science;M;White;White;C;FALSE
2014;AAA0387;BUS2016H;76;0;E;75;1;CB003;BBusSc in Actuarial Science;M;Indian;Indian;C;FALSE
2014;AAC0892;BUS2016H;76;0;E;71;2+;CB018;BBusSc Actuarial Sc;F;Indian;Indian;C;FALSE
2014;AAA0392;BUS2016H;75;0;E;70;2+;CB003;BBusSc in Actuarial Science;M;White;White;C;FALSE
2014;AAA0149;BUS2016H;75;0;E;75;1;CB003;BBusSc in Actuarial Science;M;Non Applicable/Unknown;Unknown;P;FALSE
2014;AAC0049;BUS2016H;75;0;E;72;2+;CB018;BBusSc Actuarial Sc;F;Indian;Indian;C;FALSE
2014;AAA0411;BUS2016H;74;0;E;70;2+;CB003;BBusSc in Actuarial Science;M;White;White;C;FALSE
2014;AAA0114;BUS2016H;74;0;E;75;1;CB003;BBusSc in Actuarial Science;F;White;White;C;FALSE
2014;AAC0930;BUS2016H;74;0;E;75;1;CB018;BBusSc Actuarial Sc;M;Black;Black;C;FALSE
2014;AAA0434;BUS2016H;73;0;E;76;1;CB003;BBusSc in Actuarial Science;M;Chinese;Chinese;P;FALSE
2014;AAA0384;BUS2016H;72;0;E;72;2+;CB003;BBusSc in Actuarial Science;M;White;White;C;FALSE
2014;AAC0387;BUS2016H;72;0;E;69;2-;CB018;BBusSc Actuarial Sc;F;Chinese;Chinese;C;FALSE
2014;AAA0153;BUS2016H;71;0;E;66;2-;CB003;BBusSc in Actuarial Science;M;Indian;Indian;P;FALSE
2014;AAA0435;BUS2016H;71;0;E;66;2-;CB003;BBusSc in Actuarial Science;F;Chinese;Chinese;C;FALSE
2014;AAA0426;BUS2016H;71;0;E;67;2-;CB003;BBusSc in Actuarial Science;M;White;White;C;FALSE
2014;AAA0299;BUS2016H;70;0;E;66;2-;CB018;BBusSc Actuarial Sc;M;Black;Black;C;FALSE
2014;AAA0124;BUS2016H;69;0;E;67;2-;CB003;BBusSc in Actuarial Science;M;White;White;C;FALSE
2014;AAA0066;BUS2016H;68;0;E;68;2-;CB003;BBusSc in Actuarial Science;M;Non Applicable/Unknown;Unknown;P;FALSE
2014;AAA0121;BUS2016H;68;0;E;68;2-;CB003;BBusSc in Actuarial Science;M;Non Applicable/Unknown;Unknown;C;FALSE
2014;AAA0021;BUS2016H;67;0;E;62;2-;CB003;BBusSc in Actuarial Science;M;White;White;C;FALSE
2014;AAA0058;BUS2016H;67;0;E;68;2-;CB018;BBusSc Actuarial Sc;M;Black;Black;C;FALSE
2014;AAA0424;BUS2016H;65;0;E;62;2-;CB003;BBusSc in Actuarial Science;M;Chinese;Chinese;C;FALSE
2014;AAA0315;BUS2016H;64;0;E;68;2-;CB019;BCom Actuarial Science;F;White;White;P;FALSE
2014;AAA0327;BUS2016H;64;0;E;62;2-;CB003;BBusSc in Actuarial Science;M;White;White;C;FALSE
2014;AAC0871;BUS2016H;64;0;E;65;2-;CB018;BBusSc Actuarial Sc;F;Coloured;Coloured;C;FALSE
2014;AAA0127;BUS2016H;63;0;E;63;2-;CB003;BBusSc in Actuarial Science;M;Indian;Indian;C;FALSE
2014;AAA0079;BUS2016H;63;0;E;65;2-;CB018;BBusSc Actuarial Sc;M;Indian;Indian;C;FALSE
2014;AAA0105;BUS2016H;62;0;E;61;2-;CB003;BBusSc in Actuarial Science;M;Indian;Indian;C;FALSE
2014;AAA0236;BUS2016H;62;0;E;64;2-;CB003;BBusSc in Actuarial Science;M;White;White;P;FALSE
2014;AAA0020;BUS2016H;62;0;E;65;2-;CB003;BBusSc in Actuarial Science;M;White;White;C;FALSE
2014;AAA0404;BUS2016H;62;0;E;60;2-;CB018;BBusSc Actuarial Sc;M;Black;Black;C;FALSE
2014;AAA0163;BUS2016H;61;0;E;58;3;CB003;BBusSc in Actuarial Science;F;Black;Black;C;FALSE
2014;AAC0380;BUS2016H;61;0;E;60;2-;CB018;BBusSc Actuarial Sc;M;Black;Black;C;FALSE
2014;AAA0197;BUS2016H;60;0;E;58;3;CB003;BBusSc in Actuarial Science;M;White;White;C;FALSE
2014;AAA0281;BUS2016H;60;0;E;60;2-;CB003;BBusSc in Actuarial Science;F;Non Applicable/Unknown;International;F;FALSE
2014;AAA0377;BUS2016H;60;0;E;62;2-;CB018;BBusSc Actuarial Sc;M;Black;Black;C;FALSE
2014;AAA0318;BUS2016H;60;0;E;66;2-;CB018;BBusSc Actuarial Sc;M;Indian;Indian;C;FALSE
2014;AAA0010;BUS2016H;59;0;0;59;3;CB003;BBusSc in Actuarial Science;F;White;White;C;FALSE
2014;AAA0116;BUS2016H;58;0;0;58;3;CB003;BBusSc in Actuarial Science;M;Indian;Indian;C;FALSE
2014;AAA0070;BUS2016H;58;0;0;61;2-;CB003;BBusSc in Actuarial Science;M;White;White;C;FALSE
2014;AAA0006;BUS2016H;58;0;0;63;2-;CB018;BBusSc Actuarial Sc;M;Coloured;Coloured;C;FALSE
2014;AAA0055;BUS2016H;57;0;0;58;3;CB003;BBusSc in Actuarial Science;M;White;White;C;FALSE
2014;AAA0322;BUS2016H;57;0;0;61;2-;CB003;BBusSc in Actuarial Science;F;Indian;Indian;C;FALSE
2014;AAA0143;BUS2016H;56;0;0;55;3;CB003;BBusSc in Actuarial Science;M;Indian;Indian;C;FALSE
2014;AAA0047;BUS2016H;56;0;0;57;3;CB003;BBusSc in Actuarial Science;M;Non Applicable/Unknown;Unknown;C;FALSE
2014;AAA0017;BUS2016H;56;0;0;58;3;CB003;BBusSc in Actuarial Science;F;Indian;Indian;C;FALSE
2014;AAA0178;BUS2016H;56;0;0;59;3;CB003;BBusSc in Actuarial Science;M;White;White;C;FALSE
2014;AAA0038;BUS2016H;55;0;0;50;3;CB003;BBusSc in Actuarial Science;F;Indian;Indian;C;FALSE
2014;AAA0395;BUS2016H;55;0;0;59;3;CB018;BBusSc Actuarial Sc;M;Black;Black;C;FALSE
2014;AAC0043;BUS2016H;54;0;0;58;3;CB003;BBusSc in Actuarial Science;M;Indian;Indian;C;FALSE
2014;AAA0089;BUS2016H;54;0;0;54;3;CB018;BBusSc Actuarial Sc;M;Coloured;Coloured;C;FALSE
2014;AAA0227;BUS2016H;53;0;0;56;3;CB018;BBusSc Actuarial Sc;M;Black;Black;C;FALSE
2014;AAA0321;BUS2016H;51;0;0;51;3;CB019;BCom Actuarial Science;F;Non Applicable/Unknown;International;F;FALSE
2014;AAC0963;BUS2016H;49;0;0;50;3;CB003;BBusSc in Actuarial Science;M;White;White;C;FALSE
2014;AAC0267;BUS2016H;49;0;0;50;3;CB018;BBusSc Actuarial Sc;F;Black;Black;C;FALSE
2014;AAC0653;BUS2016H;49;0;0;54;3;CB018;BBusSc Actuarial Sc;F;Black;Black;C;FALSE
2014;AAA0045;BUS2016H;48;0;0;51;3;CB003;BBusSc in Actuarial Science;M;Non Applicable/Unknown;International;F;FALSE
2014;AAA0125;BUS2016H;48;0;0;54;3;CB003;BBusSc in Actuarial Science;M;Coloured;Coloured;C;FALSE
2014;AAA0008;BUS2016H;48;0;0;53;3;CB018;BBusSc Actuarial Sc;F;Indian;Indian;C;FALSE
2014;AAA0218;BUS2016H;47;0;0;53;3;CB020;BCom Actuarial Sc;F;Black;Black;C;FALSE
2014;AAC0301;BUS2016H;47;0;0;52;3;CB003;BBusSc in Actuarial Science;M;Chinese;Chinese;C;FALSE
2014;AAA0412;BUS2016H;46;0;0;46;F;CB019;BCom Actuarial Science;F;Black;Black;C;FALSE
2014;AAA0266;BUS2016H;46;0;0;50;3;CB018;BBusSc Actuarial Sc;F;Black;Black;C;FALSE
2014;AAA0239;BUS2016H;45;0;0;46;F;CB003;BBusSc in Actuarial Science;M;Black;Black;P;FALSE
2014;AAA0250;BUS2016H;44;0;0;51;3;CB018;BBusSc Actuarial Sc;F;Black;Black;C;FALSE
2014;AAA0308;BUS2016H;42;0;0;51;3;CB003;BBusSc in Actuarial Science;F;Black;Black;C;FALSE
2014;AAA0189;BUS2016H;40;0;0;50;3;CB020;BCom Actuarial Sc;M;Black;Black;C;FALSE
2014;AAA0170;BUS2016H;39;0;0;43;F;CB003;BBusSc in Actuarial Science;M;Non Applicable/Unknown;Unknown;C;FALSE
2014;AAC1008;BUS2016H;35;0;0;41;F;CB018;BBusSc Actuarial Sc;F;Black;Black;C;FALSE
2015;AAA0168;BUS2016H;93;0;E;89;1;CB003;BBusSc in Actuarial Science;M;Indian;Indian;C;FALSE
2015;AAA0302;BUS2016H;80;0;E;75;1;CB003;BBusSc in Actuarial Science;M;White;White;C;FALSE
2015;AAA0421;BUS2016H;79;0;E;78;1;CB003;BBusSc in Actuarial Science;F;White;White;C;FALSE
2015;AAA0035;BUS2016H;78;DE;E;70;2+;CB003;BBusSc in Actuarial Science;M;Non Applicable/Unknown;International;F;FALSE
2015;AAA0082;BUS2016H;77;0;E;74;2+;CB003;BBusSc in Actuarial Science;M;White;White;C;FALSE
2015;EEF1035;BUS2016H;76;0;E;76;1;CB018;BBusSc Act Sc 5 year programme;M;Indian;Indian;C;FALSE
2015;EEF0821;BUS2016H;73;0;E;72;2+;CB003;BBusSc in Actuarial Science;M;Indian;Indian;C;FALSE
2015;AAA0440;BUS2016H;71;0;E;78;1;CB003;BBusSc in Actuarial Science;M;Non Applicable/Unknown;International;F;FALSE
2015;AAA0403;BUS2016H;70;0;E;69;2-;CB003;BBusSc in Actuarial Science;M;White;White;C;FALSE
2015;AAA0314;BUS2016H;69;0;E;70;2+;CB003;BBusSc in Actuarial Science;M;White;White;C;FALSE
2015;AAA0027;BUS2016H;68;0;E;72;2+;CB003;BBusSc in Actuarial Science;M;White;White;C;FALSE
2015;AAA0307;BUS2016H;67;DE;E;58;3;CB003;BBusSc in Actuarial Science;M;Non Applicable/Unknown;International;F;FALSE
2015;AAA0429;BUS2016H;67;0;E;64;2-;CB003;BBusSc in Actuarial Science;M;Chinese;Chinese;C;FALSE
2015;AAA0022;BUS2016H;67;0;E;67;2-;CB003;BBusSc in Actuarial Science;M;White;White;C;FALSE
2015;AAA0262;BUS2016H;67;0;E;68;2-;CB003;BBusSc in Actuarial Science;M;Non Applicable/Unknown;International;F;FALSE
2015;EEF0660;BUS2016H;67;0;E;74;2+;CB018;BBusSc Act Sc 5 year programme;M;Indian;Indian;C;FALSE
2015;AAA0295;BUS2016H;66;DE;E;63;2-;CB003;BBusSc in Actuarial Science;M;White;White;C;FALSE
2015;AAA0118;BUS2016H;66;0;E;69;2-;CB003;BBusSc in Actuarial Science;M;White;White;C;FALSE
2015;AAA0425;BUS2016H;66;0;E;69;2-;CB003;BBusSc in Actuarial Science;M;White;White;C;FALSE
2015;AAA0018;BUS2016H;65;0;E;63;2-;CB003;BBusSc in Actuarial Science;M;Coloured;Coloured;C;FALSE
2015;AAA0080;BUS2016H;65;0;E;64;2-;CB003;BBusSc in Actuarial Science;M;White;White;C;FALSE
2015;AAA0352;BUS2016H;64;DE;E;63;2-;CB003;BBusSc in Actuarial Science;M;Indian;Indian;C;FALSE
2015;AAA0433;BUS2016H;64;0;E;66;2-;CB003;BBusSc in Actuarial Science;F;Chinese;Chinese;C;FALSE
2015;AAA0329;BUS2016H;62;0;E;63;2-;CB003;BBusSc in Actuarial Science;F;White;White;C;FALSE
2015;AAA0171;BUS2016H;62;0;E;71;2+;CB003;BBusSc in Actuarial Science;M;White;White;C;FALSE
2015;EEF0459;BUS2016H;62;0;E;67;2-;CB018;BBusSc Act Sc 5 year programme;M;Black;Black;C;FALSE
2015;AAA0415;BUS2016H;61;0;E;64;2-;CB003;BBusSc in Actuarial Science;M;White;White;C;FALSE
2015;AAA0284;BUS2016H;60;0;E;65;2-;CB019;BCom Actuarial Science;M;Black;Black;C;FALSE
2015;AAA0398;BUS2016H;60;0;E;60;2-;CB003;BBusSc in Actuarial Science;M;White;White;C;FALSE
2015;AAA0113;BUS2016H;60;0;E;68;2-;CB003;BBusSc in Actuarial Science;M;White;White;C;FALSE
2015;AAA0086;BUS2016H;60;DE;E;60;2-;CB018;BBusSc Act Sc 5 year programme;M;Black;Black;C;FALSE
2015;AAA0365;BUS2016H;58;0;0;61;2-;CB003;BBusSc in Actuarial Science;M;White;White;C;FALSE
2015;AAA0271;BUS2016H;57;0;0;56;3;CB003;BBusSc in Actuarial Science;M;Black;Black;C;FALSE
2015;AAA0260;BUS2016H;57;0;0;61;2-;CB018;BBusSc Act Sc 5 year programme;F;Black;Black;C;FALSE
2015;AAA0044;BUS2016H;56;0;0;53;3;CB003;BBusSc in Actuarial Science;M;Non Applicable/Unknown;International;F;FALSE
2015;AAA0331;BUS2016H;56;0;0;56;3;CB003;BBusSc in Actuarial Science;M;Indian;Indian;C;FALSE
2015;AAA0180;BUS2016H;56;0;0;58;3;CB003;BBusSc in Actuarial Science;F;Non Applicable/Unknown;Unknown;P;FALSE
2015;AAA0150;BUS2016H;55;0;0;57;3;CB003;BBusSc in Actuarial Science;M;White;White;C;FALSE
2015;AAA0034;BUS2016H;54;0;0;53;3;CB003;BBusSc in Actuarial Science;F;Non Applicable/Unknown;International;F;FALSE
2015;AAA0388;BUS2016H;54;0;0;59;3;CB003;BBusSc in Actuarial Science;M;Indian;Indian;C;FALSE
2015;AAA0071;BUS2016H;54;0;0;59;3;CB018;BBusSc Act Sc 5 year programme;F;Indian;Indian;C;FALSE
2015;AAA0280;BUS2016H;54;0;0;61;2-;CB018;BBusSc Act Sc 5 year programme;M;Black;Black;C;FALSE
2015;EEF0057;BUS2016H;53;0;0;57;3;CB020;BCom Act Sc 4 year programme;M;Black;Black;C;FALSE
2015;AAA0303;BUS2016H;52;DE;0;55;3;CB003;BBusSc in Actuarial Science;M;Non Applicable/Unknown;Unknown;C;FALSE
2015;AAA0129;BUS2016H;51;0;0;52;3;CB003;BBusSc in Actuarial Science;M;Non Applicable/Unknown;International;F;FALSE
2015;AAA0335;BUS2016H;51;DE;0;50;3;CB018;BBusSc Act Sc 5 year programme;F;Black;Black;C;FALSE
2015;AAA0069;BUS2016H;50;DE;0;53;3;CB019;BCom Actuarial Science;M;Indian;Indian;C;FALSE
2015;AAA0279;BUS2016H;50;0;0;50;3;CB018;BBusSc Act Sc 5 year programme;F;Black;Black;C;FALSE
2015;EEF0244;BUS2016H;50;DE;0;54;3;CB018;BBusSc Act Sc 5 year programme;M;Indian;Indian;C;FALSE
2015;AAA0362;BUS2016H;49;0;0;50;3;CB003;BBusSc in Actuarial Science;F;White;White;C;FALSE
2015;AAA0165;BUS2016H;49;0;0;51;3;CB018;BBusSc Act Sc 5 year programme;M;Black;Black;C;FALSE
2015;AAA0051;BUS2016H;47;0;0;54;3;CB003;BBusSc in Actuarial Science;F;Coloured;Coloured;C;FALSE
2015;AAA0416;BUS2016H;47;0;0;54;3;CB003;BBusSc in Actuarial Science;F;White;White;C;FALSE
2015;AAA0228;BUS2016H;46;0;0;50;3;CB003;BBusSc in Actuarial Science;M;Non Applicable/Unknown;International;F;FALSE
2015;AAA0325;BUS2016H;46;DE;0;50;3;CB003;BBusSc in Actuarial Science;M;Indian;Indian;C;FALSE
2015;AAA0225;BUS2016H;45;0;0;47;F;CB003;BBusSc in Actuarial Science;M;White;White;C;FALSE
2015;AAA0343;BUS2016H;45;DE;0;48;F;CB003;BBusSc in Actuarial Science;M;Indian;Indian;C;FALSE
2015;AAA0393;BUS2016H;45;0;0;52;3;CB018;BBusSc Act Sc 5 year programme;M;Indian;Indian;C;FALSE
2015;AAA0419;BUS2016H;44;0;0;51;3;CB019;BCom Actuarial Science;M;Non Applicable/Unknown;International;F;FALSE
2015;AAA0241;BUS2016H;43;0;0;47;F;CB003;BBusSc in Actuarial Science;M;Black;Black;C;FALSE
2015;AAA0052;BUS2016H;43;0;0;57;3;CB003;BBusSc in Actuarial Science;M;White;White;C;FALSE
2015;AAA0048;BUS2016H;41;DE;0;47;F;CB003;BBusSc in Actuarial Science;M;White;White;C;FALSE
2015;EEF0514;BUS2016H;40;0;0;50;3;CB003;BBusSc in Actuarial Science;M;Non Applicable/Unknown;Unknown;C;FALSE
2015;AAA0119;BUS2016H;40;0;0;47;F;CB018;BBusSc Act Sc 5 year programme;F;Black;Black;C;FALSE
2015;AAA0172;BUS2016H;39;0;0;48;F;CB020;BCom Act Sc 4 year programme;F;Black;Black;C;FALSE
2015;AAA0183;BUS2016H;39;0;0;48;F;CB003;BBusSc in Actuarial Science;F;Non Applicable/Unknown;International;F;FALSE
2015;AAA0126;BUS2016H;38;0;0;43;F;CB003;BBusSc in Actuarial Science;M;Indian;Indian;C;FALSE
2015;AAA0339;BUS2016H;38;0;0;48;F;CB003;BBusSc in Actuarial Science;F;White;White;C;FALSE
2015;AAA0414;BUS2016H;38;DE;0;43;F;CB018;BBusSc Act Sc 5 year programme;F;Coloured;Coloured;C;FALSE
2015;AAA0024;BUS2016H;37;DE;0;51;3;CB003;BBusSc in Actuarial Science;F;White;White;C;FALSE
2015;AAA0059;BUS2016H;37;DE;0;44;F;CB018;BBusSc Act Sc 5 year programme;F;Non Applicable/Unknown;International;F;FALSE
2015;AAC0081;BUS2016H;35;0;0;48;F;CB003;BBusSc in Actuarial Science;F;Non Applicable/Unknown;International;F;FALSE
2015;AAC0923;BUS2016H;35;0;0;40;F;CB018;BBusSc Act Sc 5 year programme;M;Black;Black;C;FALSE
2015;AAA0345;BUS2016H;34;DE;0;37;F;CB018;BBusSc Act Sc 5 year programme;M;Indian;Indian;C;FALSE
2015;AAA0175;BUS2016H;32;0;0;40;F;CB003;BBusSc in Actuarial Science;F;Indian;Indian;C;FALSE
2015;AAA0155;BUS2016H;32;DE;0;42;F;CB003;BBusSc in Actuarial Science;F;Indian;Indian;C;FALSE
2015;AAA0092;BUS2016H;30;DE;0;40;F;CB018;BBusSc Act Sc 5 year programme;F;Indian;Indian;C;FALSE
2015;AAA0316;BUS2016H;30;0;0;41;F;CB018;BBusSc Act Sc 5 year programme;M;Black;Black;C;FALSE
2015;AAA0001;BUS2016H;28;DE;0;39;F;CB003;BBusSc in Actuarial Science;M;Coloured;Coloured;C;FALSE
2015;AAA0177;BUS2016H;27;DE;0;34;F;CB018;BBusSc Act Sc 5 year programme;F;Black;Black;C;FALSE
2015;AAA0176;BUS2016H;23;DE;0;33;F;CB018;BBusSc Act Sc 5 year programme;F;Black;Black;C;FALSE
2016;AAA0056;BUS2016H;100;0;E;100;1;CB003;BBusSc in Actuarial Science;M;White;White;C;FALSE
2016;AAA0317;BUS2016H;94;DE;E;94;1;CB018;BBusSc Act Sc 5 year programme;M;Coloured;Coloured;C;FALSE
2016;AAA0078;BUS2016H;93;DE;E;93;1;CB003;BBusSc in Actuarial Science;F;White;White;C;FALSE
2016;AAA0269;BUS2016H;90;DE;E;90;1;CB018;BBusSc Act Sc 5 year programme;M;Black;Black;C;FALSE
2016;AAA0174;BUS2016H;81;0;E;81;1;CB003;BBusSc in Actuarial Science;F;White;White;C;FALSE
2016;AAA0328;BUS2016H;80;DE;E;80;1;CB003;BBusSc in Actuarial Science;F;White;White;C;FALSE
2016;AAA0015;BUS2016H;80;DE;E;80;1;CB018;BBusSc Act Sc 5 year programme;M;Indian;Indian;C;FALSE
2016;AAA0030;BUS2016H;79;0;E;79;1;CB003;BBusSc in Actuarial Science;F;White;White;C;FALSE
2016;AAA0132;BUS2016H;78;0;E;78;1;CB003;BBusSc in Actuarial Science;M;White;White;C;FALSE
2016;AAA0283;BUS2016H;78;DE;E;78;1;CB003;BBusSc in Actuarial Science;F;Non Applicable/Unknown;Unknown;P;FALSE
2016;AAA0134;BUS2016H;77;0;E;77;1;CB003;BBusSc in Actuarial Science;M;Indian;Indian;C;FALSE
2016;AAA0094;BUS2016H;76;0;E;76;1;CB003;BBusSc in Actuarial Science;M;White;White;C;FALSE
2016;EEF1080;BUS2016H;76;DE;E;76;1;CB025;BBusSc Act Sc 4 year programme;F;Coloured;Coloured;C;FALSE
2016;AAA0353;BUS2016H;75;0;E;75;1;CB003;BBusSc in Actuarial Science;M;Indian;Indian;C;FALSE
2016;AAA0046;BUS2016H;74;0;E;74;2+;CB003;BBusSc in Actuarial Science;F;White;White;C;FALSE
2016;AAA0402;BUS2016H;74;0;E;74;2+;CB003;BBusSc in Actuarial Science;M;Non Applicable/Unknown;Unknown;C;FALSE
2016;AAA0439;BUS2016H;73;0;E;73;2+;CB003;BBusSc in Actuarial Science;M;White;White;C;FALSE
2016;AAA0028;BUS2016H;72;DE;E;72;2+;CB003;BBusSc in Actuarial Science;F;Non Applicable/Unknown;Unknown;C;FALSE
2016;AAA0072;BUS2016H;72;0;E;72;2+;CB003;BBusSc in Actuarial Science;M;White;White;C;FALSE
2016;AAA0369;BUS2016H;72;0;E;72;2+;CB003;BBusSc in Actuarial Science;M;White;White;C;FALSE
2016;AAC0430;BUS2016H;72;DE;E;72;2+;CB003;BBusSc in Actuarial Science;M;Indian;Indian;C;FALSE
2016;EEF0455;BUS2016H;72;0;E;72;2+;CB025;BBusSc Act Sc 4 year programme;M;Black;Black;C;FALSE
2016;AAA0057;BUS2016H;71;DE;E;71;2+;CB003;BBusSc in Actuarial Science;F;Non Applicable/Unknown;International;F;FALSE
2016;AAA0320;BUS2016H;71;0;E;71;2+;CB003;BBusSc in Actuarial Science;M;Indian;Indian;C;FALSE
2016;AAA0334;BUS2016H;71;0;E;71;2+;CB003;BBusSc in Actuarial Science;F;White;White;C;FALSE
2016;AAA0430;BUS2016H;70;0;E;70;2+;CB020;BCom Act Sc 4 year programme;M;Black;Black;C;FALSE
2016;AAA0131;BUS2016H;70;0;0;70;2+;CB003;BBusSc in Actuarial Science;M;White;White;C;FALSE
2016;AAA0205;BUS2016H;70;0;E;70;2+;CB003;BBusSc in Actuarial Science;F;White;White;C;FALSE
2016;AAA0431;BUS2016H;70;0;E;70;2+;CB003;BBusSc in Actuarial Science;M;Chinese;Chinese;C;FALSE
2016;EEF0754;BUS2016H;70;0;E;70;2+;CB025;BBusSc Act Sc 4 year programme;M;Non Applicable/Unknown;Unknown;C;FALSE
2016;AAA0347;BUS2016H;69;0;E;69;2-;CB019;BCom Actuarial Science;M;Indian;Indian;C;FALSE
2016;AAA0050;BUS2016H;69;0;E;69;2-;CB003;BBusSc in Actuarial Science;M;White;White;C;FALSE
2016;AAA0160;BUS2016H;69;0;E;69;2-;CB003;BBusSc in Actuarial Science;F;White;White;C;FALSE
2016;AAA0049;BUS2016H;68;0;E;68;2-;CB003;BBusSc in Actuarial Science;M;Non Applicable/Unknown;Unknown;C;FALSE
2016;AAA0401;BUS2016H;68;0;E;68;2-;CB003;BBusSc in Actuarial Science;M;White;White;C;FALSE
2016;AAA0209;BUS2016H;67;0;E;67;2-;CB003;BBusSc in Actuarial Science;M;White;White;C;FALSE
2016;AAA0408;BUS2016H;67;0;E;67;2-;CB003;BBusSc in Actuarial Science;M;White;White;C;FALSE
2016;AAA0043;BUS2016H;66;0;E;66;2-;CB003;BBusSc in Actuarial Science;M;Black;Black;P;FALSE
2016;AAA0111;BUS2016H;66;0;E;66;2-;CB018;BBusSc Act Sc 5 year programme;F;Black;Black;C;FALSE
2016;AAA0288;BUS2016H;66;DE;E;66;2-;CB018;BBusSc Act Sc 5 year programme;F;Indian;Indian;C;FALSE
2016;AAA0378;BUS2016H;66;0;E;66;2-;CB018;BBusSc Act Sc 5 year programme;M;Coloured;Coloured;C;FALSE
2016;AAA0374;BUS2016H;66;DE;E;69;2-;CB018;BBusSc Act Sc 5 year programme;M;Black;Black;C;FALSE
2016;AAA0073;BUS2016H;66;0;E;66;2-;CB025;BBusSc Act Sc 4 year programme;M;Non Applicable/Unknown;Unknown;C;FALSE
2016;EEF0988;BUS2016H;65;0;E;65;2-;CB025;BBusSc Act Sc 4 year programme;M;Black;Black;C;FALSE
2016;AAA0102;BUS2016H;64;0;0;64;2-;CB003;BBusSc in Actuarial Science;F;White;White;C;FALSE
2016;AAA0188;BUS2016H;64;0;E;64;2-;CB003;BBusSc in Actuarial Science;M;Non Applicable/Unknown;International;F;FALSE
2016;AAA0330;BUS2016H;64;0;E;64;2-;CB003;BBusSc in Actuarial Science;M;Indian;Indian;C;FALSE
2016;AAA0348;BUS2016H;64;0;E;64;2-;CB018;BBusSc Act Sc 5 year programme;M;Black;Black;C;FALSE
2016;AAA0095;BUS2016H;64;DE;E;69;2-;CB018;BBusSc Act Sc 5 year programme;F;Indian;Indian;C;FALSE
2016;AAA0432;BUS2016H;63;0;0;63;2-;CB003;BBusSc in Actuarial Science;M;Non Applicable/Unknown;International;F;FALSE
2016;AAA0272;BUS2016H;63;0;0;63;2-;CB018;BBusSc Act Sc 5 year programme;F;Black;Black;C;FALSE
2016;AAA0255;BUS2016H;61;0;0;61;2-;CB019;BCom Actuarial Science;M;Non Applicable/Unknown;International;F;FALSE
2016;AAA0294;BUS2016H;61;DE;E;69;2-;CB020;BCom Act Sc 4 year programme;M;Black;Black;C;FALSE
2016;AAA0258;BUS2016H;61;0;0;61;2-;CB018;BBusSc Act Sc 5 year programme;M;Black;Black;C;FALSE
2016;AAA0264;BUS2016H;60;0;0;60;2-;CB003;BBusSc in Actuarial Science;M;White;White;C;FALSE
2016;AAA0410;BUS2016H;60;DE;0;64;2-;CB003;BBusSc in Actuarial Science;M;White;White;C;FALSE
2016;AAA0350;BUS2016H;60;DE;0;65;2-;CB003;BBusSc in Actuarial Science;M;Indian;Indian;C;FALSE
2016;AAA0195;BUS2016H;60;0;0;60;2-;CB018;BBusSc Act Sc 5 year programme;F;Black;Black;C;FALSE
2016;AAA0275;BUS2016H;60;0;0;60;2-;CB018;BBusSc Act Sc 5 year programme;F;Indian;Indian;C;FALSE
2016;AAA0376;BUS2016H;59;0;0;59;3;CB003;BBusSc in Actuarial Science;M;White;White;C;FALSE
2016;AAA0123;BUS2016H;58;0;0;58;3;CB003;BBusSc in Actuarial Science;M;White;White;C;FALSE
2016;AAA0152;BUS2016H;58;0;0;58;3;CB003;BBusSc in Actuarial Science;M;White;International;F;FALSE
2016;AAA0268;BUS2016H;58;DE;0;58;3;CB018;BBusSc Act Sc 5 year programme;F;Indian;Indian;C;FALSE
2016;EEF0206;BUS2016H;58;0;0;58;3;CB025;BBusSc Act Sc 4 year programme;F;Coloured;Coloured;C;FALSE
2016;EEF0561;BUS2016H;58;DE;0;60;2-;CB025;BBusSc Act Sc 4 year programme;F;Black;Black;C;FALSE
2016;EEF0278;BUS2016H;58;DE;0;66;2-;CB025;BBusSc Act Sc 4 year programme;M;Indian;Indian;C;FALSE
2016;EEF0603;BUS2016H;57;DE;0;60;2-;CB026;BCom Act Sc 3 year programme;F;Black;Black;C;FALSE
2016;AAA0099;BUS2016H;57;DE;0;60;2-;CB003;BBusSc in Actuarial Science;M;Non Applicable/Unknown;Unknown;P;FALSE
2016;AAA0029;BUS2016H;56;0;0;56;3;CB003;BBusSc in Actuarial Science;M;White;White;C;FALSE
2016;AAA0213;BUS2016H;56;DE;0;60;2-;CB003;BBusSc in Actuarial Science;M;Non Applicable/Unknown;Unknown;C;FALSE
2016;AAA0084;BUS2016H;56;0;0;56;3;CB018;BBusSc Act Sc 5 year programme;F;Black;Black;C;FALSE
2016;AAA0351;BUS2016H;56;0;0;56;3;CB018;BBusSc Act Sc 5 year programme;F;Indian;Indian;C;FALSE
2016;AAA0340;BUS2016H;55;DE;0;58;3;CB003;BBusSc in Actuarial Science;M;White;White;C;FALSE
2016;AAA0128;BUS2016H;55;0;0;55;3;CB018;BBusSc Act Sc 5 year programme;M;Coloured;Coloured;C;FALSE
2016;AAA0346;BUS2016H;55;0;0;55;3;CB018;BBusSc Act Sc 5 year programme;M;Black;Black;C;FALSE
2016;EEF0998;BUS2016H;55;0;0;55;3;CB025;BBusSc Act Sc 4 year programme;F;Non Applicable/Unknown;Unknown;C;FALSE
2016;EEF0881;BUS2016H;55;DE;0;59;3;CB025;BBusSc Act Sc 4 year programme;M;Indian;Indian;C;FALSE
2016;AAA0246;BUS2016H;55;DE;0;62;2-;CB025;BBusSc Act Sc 4 year programme;F;Black;Black;C;FALSE
2016;AAA0025;BUS2016H;54;0;0;54;3;CB020;BCom Act Sc 4 year programme;M;Black;Black;C;FALSE
2016;AAA0032;BUS2016H;54;0;0;54;3;CB003;BBusSc in Actuarial Science;M;White;White;C;FALSE
2016;AAA0062;BUS2016H;54;0;0;54;3;CB003;BBusSc in Actuarial Science;F;Non Applicable/Unknown;Unknown;C;FALSE
2016;AAA0389;BUS2016H;54;0;0;54;3;CB003;BBusSc in Actuarial Science;F;Chinese;Chinese;P;FALSE
2016;AAA0040;BUS2016H;54;0;0;54;3;CB018;BBusSc Act Sc 5 year programme;F;Black;Black;C;FALSE
2016;AAA0277;BUS2016H;54;0;0;54;3;CB018;BBusSc Act Sc 5 year programme;F;Indian;Indian;C;FALSE
2016;AAA0230;BUS2016H;53;0;0;53;3;CB020;BCom Act Sc 4 year programme;M;Black;Black;C;FALSE
2016;AAA0324;BUS2016H;53;0;0;53;3;CB003;BBusSc in Actuarial Science;M;Indian;Indian;C;FALSE
2016;AAA0276;BUS2016H;53;DE;0;64;2-;CB018;BBusSc Act Sc 5 year programme;M;Indian;Indian;C;FALSE
2016;AAA0194;BUS2016H;52;0;0;52;3;CB003;BBusSc in Actuarial Science;F;Indian;Indian;C;FALSE
2016;AAA0133;BUS2016H;52;DE;0;60;2-;CB003;BBusSc in Actuarial Science;M;White;White;C;FALSE
2016;AAA0159;BUS2016H;52;DE;0;53;3;CB018;BBusSc Act Sc 5 year programme;F;Black;Black;C;FALSE
2016;EEF0291;BUS2016H;52;0;0;52;3;CB025;BBusSc Act Sc 4 year programme;M;Black;Black;C;FALSE
2016;AAA0142;BUS2016H;51;0;0;51;3;CB003;BBusSc in Actuarial Science;M;White;White;C;FALSE
2016;AAA0211;BUS2016H;51;0;0;51;3;CB003;BBusSc in Actuarial Science;F;Indian;Indian;C;FALSE
2016;AAA0184;BUS2016H;50;DE;0;54;3;CB003;BBusSc in Actuarial Science;M;Black;Black;C;FALSE
2016;AAA0060;BUS2016H;50;0;0;50;3;CB018;BBusSc Act Sc 5 year programme;F;Indian;Indian;C;FALSE
2016;AAA0229;BUS2016H;50;0;0;50;3;CB018;BBusSc Act Sc 5 year programme;M;Black;Black;C;FALSE
2016;AAA0242;BUS2016H;50;0;0;50;3;CB018;BBusSc Act Sc 5 year programme;M;Black;Black;C;FALSE
2016;AAA0420;BUS2016H;49;DE;0;59;3;CB003;BBusSc in Actuarial Science;F;White;White;C;FALSE
2016;AAA0110;BUS2016H;49;DE;0;56;3;CB018;BBusSc Act Sc 5 year programme;M;Indian;Indian;P;FALSE
2016;AAA0200;BUS2016H;49;DE;0;57;3;CB018;BBusSc Act Sc 5 year programme;F;Black;Black;C;FALSE
2016;AAA0270;BUS2016H;47;0;0;47;F;CB018;BBusSc Act Sc 5 year programme;M;Black;Black;C;FALSE
2016;AAA0257;BUS2016H;46;0;0;46;F;CB020;BCom Act Sc 4 year programme;M;Black;Black;C;FALSE
2016;AAA0009;BUS2016H;45;DE;0;51;3;CB003;BBusSc in Actuarial Science;F;Coloured;Coloured;C;FALSE
2016;AAA0285;BUS2016H;43;DE;0;43;F;CB018;BBusSc Act Sc 5 year programme;M;Black;Black;C;FALSE
2016;AAA0231;BUS2016H;43;DE;0;46;F;CB018;BBusSc Act Sc 5 year programme;F;Black;Black;C;FALSE
2016;AAA0093;BUS2016H;42;0;0;42;F;CB003;BBusSc in Actuarial Science;M;Indian;Indian;C;FALSE
2016;AAA0428;BUS2016H;42;0;0;42;F;CB003;BBusSc in Actuarial Science;F;Chinese;Chinese;C;FALSE
2016;AAA0085;BUS2016H;41;DE;0;46;F;CB003;BBusSc in Actuarial Science;F;White;White;C;FALSE
2016;AAA0252;BUS2016H;41;DE;0;48;F;CB003;BBusSc in Actuarial Science;M;Black;Black;C;FALSE
2016;AAA0204;BUS2016H;41;0;0;41;F;CB018;BBusSc Act Sc 5 year programme;M;Coloured;Coloured;C;FALSE
2016;AAA0381;BUS2016H;39;0;0;39;F;CB003;BBusSc in Actuarial Science;F;Non Applicable/Unknown;International;F;FALSE
2016;AAA0437;BUS2016H;34;0;0;34;F;CB020;BCom Act Sc 4 year programme;M;Black;Black;C;FALSE
2016;AAA0267;BUS2016H;32;DE;0;42;F;CB003;BBusSc in Actuarial Science;M;Black;Black;C;FALSE
2016;AAA0394;BUS2016H;31;DE;0;42;F;CB018;BBusSc Act Sc 5 year programme;M;Indian;Indian;C;FALSE
2016;AAA0014;BUS2016H;26;DE;0;35;F;CB018;BBusSc Act Sc 5 year programme;F;Indian;Indian;C;FALSE
2016;AAA0263;BUS2016H;23;DE;0;31;F;CB019;BCom Actuarial Science;F;Non Applicable/Unknown;International;F;FALSE
2016;AAA0243;BUS2016H;19;DE;0;29;F;CB018;BBusSc Act Sc 5 year programme;F;Black;Black;C;FALSE
2017;GAA1940;BUS2016H;86;0;E;86;1;CB003;BBusSc in Actuarial Science;M;Non Applicable/Unknown;Unknown;C;FALSE
2017;GAA907;BUS2016H;86;0;E;86;1;CB003;BBusSc in Actuarial Science;M;White;White;C;FALSE
2017;GAA2356;BUS2016H;84;0;E;84;1;CB003;BBusSc in Actuarial Science;M;White;White;C;FALSE
2017;GAA260;BUS2016H;84;0;E;84;1;CB003;BBusSc in Actuarial Science;M;Chinese;Chinese;C;FALSE
2017;GAA843;BUS2016H;84;0;E;84;1;CB003;BBusSc in Actuarial Science;M;White;White;C;FALSE
2017;GAA1123;BUS2016H;84;0;E;84;1;CB025;BBusSc Act Sc 4 year programme;M;Indian;Indian;C;FALSE
2017;AAA0109;BUS2016H;83;0;E;83;1;CB003;BBusSc in Actuarial Science;M;Indian;Indian;C;FALSE
2017;GAA325;BUS2016H;83;0;E;83;1;CB003;BBusSc in Actuarial Science;M;White;White;C;FALSE
2017;AAA0407;BUS2016H;82;0;E;82;1;CB003;BBusSc in Actuarial Science;M;Black;Black;P;FALSE
2017;HHH0010;BUS2016H;81;0;E;81;1;CB026;BCom Act Sc 3 year programme;M;Black;Black;C;FALSE
2017;GAA2020;BUS2016H;81;0;E;81;1;CB003;BBusSc in Actuarial Science;M;Chinese;Chinese;P;FALSE
2017;AAA0144;BUS2016H;78;0;E;78;1;CB003;BBusSc in Actuarial Science;M;Indian;Indian;C;FALSE
2017;GAA1523;BUS2016H;78;0;E;78;1;CB025;BBusSc Act Sc 4 year programme;F;Black;Black;C;FALSE
2017;GAA071;BUS2016H;77;0;E;77;1;CB003;BBusSc in Actuarial Science;M;Black;Black;P;FALSE
2017;GAA199;BUS2016H;77;0;E;77;1;CB003;BBusSc in Actuarial Science;M;White;White;C;FALSE
2017;GAA553;BUS2016H;77;0;E;77;1;CB003;BBusSc in Actuarial Science;M;White;White;C;FALSE
2017;AAA0023;BUS2016H;75;0;E;75;1;CB003;BBusSc in Actuarial Science;M;Non Applicable/Unknown;Unknown;C;FALSE
2017;GAA1879;BUS2016H;75;0;E;75;1;CB003;BBusSc in Actuarial Science;F;Chinese;Chinese;P;FALSE
2017;GAA257;BUS2016H;75;0;E;75;1;CB003;BBusSc in Actuarial Science;M;White;White;C;FALSE
2017;EEF0123;BUS2016H;74;0;E;74;2+;CB019;BCom Actuarial Science;M;Indian;Indian;C;FALSE
2017;GAA1612;BUS2016H;74;0;E;74;2+;CB003;BBusSc in Actuarial Science;M;Indian;Indian;C;FALSE
2017;EEF0223;BUS2016H;74;0;E;74;2+;CB025;BBusSc Act Sc 4 year programme;M;Coloured;Coloured;C;FALSE
2017;GAA2217;BUS2016H;72;0;E;72;2+;CB003;BBusSc in Actuarial Science;M;White;White;C;FALSE
2017;GAA2232;BUS2016H;72;0;E;72;2+;CB003;BBusSc in Actuarial Science;M;White;White;C;FALSE
2017;HHH0011;BUS2016H;72;0;E;72;2+;CB025;BBusSc Act Sc 4 year programme;M;Black;Black;C;FALSE
2017;GAA022;BUS2016H;71;0;E;71;2+;CB003;BBusSc in Actuarial Science;M;Black;Black;C;FALSE
2017;GAA355;BUS2016H;71;0;E;71;2+;CB003;BBusSc in Actuarial Science;M;Indian;Indian;C;FALSE
2017;GAA522;BUS2016H;71;0;E;71;2+;CB003;BBusSc in Actuarial Science;F;White;White;C;FALSE
2017;GAA760;BUS2016H;71;0;E;71;2+;CB003;BBusSc in Actuarial Science;M;Non Applicable/Unknown;International;F;FALSE
2017;GAA904;BUS2016H;71;0;E;71;2+;CB003;BBusSc in Actuarial Science;M;White;White;C;FALSE
2017;GAA995;BUS2016H;71;0;E;71;2+;CB003;BBusSc in Actuarial Science;M;White;White;C;FALSE
2017;GAA2367;BUS2016H;70;0;E;70;2+;CB003;BBusSc in Actuarial Science;M;Non Applicable/Unknown;International;F;FALSE
2017;GAA1880;BUS2016H;69;0;E;69;2-;CB003;BBusSc in Actuarial Science;M;Chinese;Chinese;C;FALSE
2017;HHH0001;BUS2016H;69;0;E;69;2-;CB003;BBusSc in Actuarial Science;M;White;White;C;FALSE
2017;AAA0036;BUS2016H;69;0;E;69;2-;CB018;BBusSc Act Sc 5 year programme;F;Indian;Indian;C;FALSE
2017;AAA0293;BUS2016H;69;0;E;69;2-;CB018;BBusSc Act Sc 5 year programme;F;Indian;Indian;C;FALSE
2017;AAA0233;BUS2016H;68;0;E;68;2-;CB003;BBusSc in Actuarial Science;M;Black;International;F;FALSE
2017;AAA0256;BUS2016H;68;0;E;68;2-;CB003;BBusSc in Actuarial Science;F;Non Applicable/Unknown;International;F;FALSE
2017;GAA1847;BUS2016H;68;0;0;68;2-;CB025;BBusSc Act Sc 4 year programme;M;Indian;Indian;C;FALSE
2017;AAA0068;BUS2016H;67;0;E;67;2-;CB003;BBusSc in Actuarial Science;M;Non Applicable/Unknown;International;F;FALSE
2017;AAA0247;BUS2016H;67;0;E;67;2-;CB003;BBusSc in Actuarial Science;M;White;White;C;FALSE
2017;HHH0005;BUS2016H;67;0;E;67;2-;CB003;BBusSc in Actuarial Science;M;Black;Black;C;FALSE
2017;GAA1911;BUS2016H;67;0;E;67;2-;CB025;BBusSc Act Sc 4 year programme;M;Indian;Indian;C;FALSE
2017;GAA401;BUS2016H;66;0;E;66;2-;CB003;BBusSc in Actuarial Science;F;White;White;C;FALSE
2017;GAA605;BUS2016H;66;0;E;66;2-;CB003;BBusSc in Actuarial Science;M;White;White;C;FALSE
2017;AAA0333;BUS2016H;65;0;0;65;2-;CB003;BBusSc in Actuarial Science;M;Non Applicable/Unknown;Unknown;C;FALSE
2017;GAA835;BUS2016H;65;0;E;65;2-;CB003;BBusSc in Actuarial Science;M;Coloured;Coloured;C;FALSE
2017;GAA024;BUS2016H;65;0;E;65;2-;CB025;BBusSc Act Sc 4 year programme;F;Coloured;Coloured;C;FALSE
2017;GAA1275;BUS2016H;64;0;0;64;2-;CB025;BBusSc Act Sc 4 year programme;F;Black;Black;C;FALSE
2017;GAA813;BUS2016H;64;0;0;64;2-;CB025;BBusSc Act Sc 4 year programme;M;Coloured;Coloured;C;FALSE
2017;GAA1495;BUS2016H;63;0;E;63;2-;CB003;BBusSc in Actuarial Science;F;Black;Black;C;FALSE
2017;HHH0017;BUS2016H;63;0;0;63;2-;CB003;BBusSc in Actuarial Science;M;White;White;C;FALSE
2017;GAA094;BUS2016H;62;0;0;62;2-;CB003;BBusSc in Actuarial Science;M;Coloured;Coloured;C;FALSE
2017;GAA211;BUS2016H;62;0;E;62;2-;CB003;BBusSc in Actuarial Science;M;White;White;C;FALSE
2017;EEF0641;BUS2016H;61;0;0;61;2-;CB020;BCom Act Sc 4 year programme;M;Black;Black;C;FALSE
2017;AAA0418;BUS2016H;61;0;E;61;2-;CB018;BBusSc Act Sc 5 year programme;M;Coloured;Coloured;C;FALSE
2017;AAA0326;BUS2016H;60;0;0;60;2-;CB003;BBusSc in Actuarial Science;M;Indian;International;F;FALSE
2017;AAA0383;BUS2016H;60;0;E;60;2-;CB003;BBusSc in Actuarial Science;F;Black;Black;C;FALSE
2017;AAA0130;BUS2016H;60;0;0;60;2-;CB018;BBusSc Act Sc 5 year programme;F;Indian;Indian;C;FALSE
2017;AAA0300;BUS2016H;60;0;0;60;2-;CB018;BBusSc Act Sc 5 year programme;F;Black;Black;C;FALSE
2017;HHH0009;BUS2016H;60;0;E;60;2-;CB025;BBusSc Act Sc 4 year programme;F;Black;Black;C;FALSE
2017;AAA0357;BUS2016H;59;0;0;59;3;CB020;BCom Act Sc 4 year programme;F;Coloured;Coloured;P;FALSE
2017;HHH0008;BUS2016H;59;0;0;59;3;CB026;BCom Act Sc 3 year programme;M;Black;Black;C;FALSE
2017;AAA0065;BUS2016H;59;0;0;59;3;CB003;BBusSc in Actuarial Science;F;Black;Black;C;FALSE
2017;AAA0238;BUS2016H;59;0;0;59;3;CB018;BBusSc Act Sc 5 year programme;M;Black;Black;C;FALSE
2017;EEF0163;BUS2016H;59;0;0;59;3;CB025;BBusSc Act Sc 4 year programme;M;Black;Black;C;FALSE
2017;EEF0836;BUS2016H;58;0;0;58;3;CB003;BBusSc in Actuarial Science;M;Indian;Indian;C;FALSE
2017;GAA1154;BUS2016H;58;0;0;58;3;CB003;BBusSc in Actuarial Science;M;Non Applicable/Unknown;International;F;FALSE
2017;GAA2201;BUS2016H;58;0;0;58;3;CB003;BBusSc in Actuarial Science;F;Indian;Indian;C;FALSE
2017;GAA1374;BUS2016H;57;0;0;57;3;CB003;BBusSc in Actuarial Science;M;White;White;C;FALSE
2017;AAA0219;BUS2016H;57;0;0;57;3;CB018;BBusSc Act Sc 5 year programme;F;Black;Black;C;FALSE
2017;AAA0290;BUS2016H;56;0;0;56;3;CB020;BCom Act Sc 4 year programme;F;Black;Black;C;FALSE
2017;GAA1265;BUS2016H;56;0;0;56;3;CB003;BBusSc in Actuarial Science;M;Black;Black;C;FALSE
2017;GAA1908;BUS2016H;56;0;0;56;3;CB003;BBusSc in Actuarial Science;M;White;White;C;FALSE
2017;HHH0003;BUS2016H;56;0;0;56;3;CB025;BBusSc Act Sc 4 year programme;M;Indian;Indian;C;FALSE
2017;GAA1215;BUS2016H;55;0;0;55;3;CB025;BBusSc Act Sc 4 year programme;M;Indian;Indian;C;FALSE
2017;GAA1762;BUS2016H;55;0;0;55;3;CB025;BBusSc Act Sc 4 year programme;M;Non Applicable/Unknown;Unknown;C;FALSE
2017;HHH0007;BUS2016H;55;0;0;55;3;CB025;BBusSc Act Sc 4 year programme;M;Black;Black;C;FALSE
2017;GAA1282;BUS2016H;54;0;0;54;3;CB003;BBusSc in Actuarial Science;F;Black;International;F;FALSE
2017;GAA2456;BUS2016H;54;0;0;54;3;CB003;BBusSc in Actuarial Science;F;Chinese;Chinese;C;FALSE
2017;AAA0182;BUS2016H;54;0;0;54;3;CB018;BBusSc Act Sc 5 year programme;F;Black;Black;C;FALSE
2017;AAA0186;BUS2016H;53;0;0;53;3;CB018;BBusSc Act Sc 5 year programme;M;Black;Black;C;FALSE
2017;HHH0006;BUS2016H;53;0;0;53;3;CB025;BBusSc Act Sc 4 year programme;F;Black;Black;C;FALSE
2017;HHH0012;BUS2016H;53;0;0;53;3;CB025;BBusSc Act Sc 4 year programme;F;Non Applicable/Unknown;Unknown;C;FALSE
2017;GAA1283;BUS2016H;52;0;0;52;3;CB003;BBusSc in Actuarial Science;F;Non Applicable/Unknown;International;F;FALSE
2017;GAA1483;BUS2016H;52;0;0;52;3;CB003;BBusSc in Actuarial Science;M;Non Applicable/Unknown;International;F;FALSE
2017;AAA0361;BUS2016H;52;0;0;52;3;CB018;BBusSc Act Sc 5 year programme;F;Non Applicable/Unknown;Unknown;C;FALSE
2017;EEF1026;BUS2016H;52;0;0;52;3;CB025;BBusSc Act Sc 4 year programme;M;Coloured;Coloured;C;FALSE
2017;GAA1485;BUS2016H;52;0;0;52;3;CB025;BBusSc Act Sc 4 year programme;M;Black;Black;C;FALSE
2017;EEF0128;BUS2016H;51;0;0;51;3;CB003;BBusSc in Actuarial Science;F;Chinese;Chinese;P;FALSE
2017;AAA0217;BUS2016H;51;0;0;51;3;CB018;BBusSc Act Sc 5 year programme;F;Non Applicable/Unknown;Unknown;C;FALSE
2017;EEF0197;BUS2016H;50;0;0;50;3;CB003;BBusSc in Actuarial Science;F;White;White;C;FALSE
2017;AAA0147;BUS2016H;50;0;0;50;3;CB018;BBusSc Act Sc 5 year programme;M;Non Applicable/Unknown;Unknown;C;FALSE
2017;HHH0015;BUS2016H;50;0;0;50;3;CB025;BBusSc Act Sc 4 year programme;F;Black;Black;C;FALSE
2017;AAA0203;BUS2016H;48;0;0;41;F;CB020;BCom Act Sc 4 year programme;F;Black;Black;C;FALSE
2017;AAA0207;BUS2016H;48;0;0;48;F;CB020;BCom Act Sc 4 year programme;F;Black;Black;C;FALSE
2017;GAA396;BUS2016H;48;0;0;48;F;CB003;BBusSc in Actuarial Science;M;Indian;Indian;C;FALSE
2017;AAA0201;BUS2016H;47;0;0;47;F;CB018;BBusSc Act Sc 5 year programme;F;Black;Black;C;FALSE
2017;AAA0115;BUS2016H;43;0;0;43;F;CB003;BBusSc in Actuarial Science;F;White;White;C;FALSE
2017;AAA0390;BUS2016H;43;0;0;43;F;CB003;BBusSc in Actuarial Science;F;Indian;Indian;C;FALSE
2017;AAA0413;BUS2016H;43;0;0;43;F;CB003;BBusSc in Actuarial Science;F;Non Applicable/Unknown;International;F;FALSE
2017;AAA0090;BUS2016H;42;0;0;42;F;CB020;BCom Act Sc 4 year programme;F;Black;Black;C;FALSE
2017;AAA0323;BUS2016H;42;0;0;42;F;CB003;BBusSc in Actuarial Science;F;Non Applicable/Unknown;International;F;FALSE
2017;AAA0074;BUS2016H;42;0;0;42;F;CB018;BBusSc Act Sc 5 year programme;M;Non Applicable/Unknown;Unknown;C;FALSE
2017;GAA1741;BUS2016H;42;0;0;42;F;CB025;BBusSc Act Sc 4 year programme;M;Black;Black;C;FALSE
2017;HHH0014;BUS2016H;40;0;0;40;F;CB025;BBusSc Act Sc 4 year programme;M;Coloured;Coloured;C;FALSE
2017;AAA0107;BUS2016H;38;0;0;45;F;CB018;BBusSc Act Sc 5 year programme;F;Indian;Indian;C;FALSE
2017;HHH0018;BUS2016H;36;0;0;36;F;CB025;BBusSc Act Sc 4 year programme;M;Indian;Indian;C;FALSE
;;;;;;;;;;;;;;
;;;;;;;;;;;;;;
;;;;;;;;;;;;;;
;;;;;;;;;;;;;;
;;;;;;;;;;;;;;
;;;;;;;;;;;;;;
;;;;;;;;;;;;;;
;;;;;;;;;;;;;;
;;;;;;;;;;;;;;
;;;;;;;;;;;;;;
;;;;;;;;;;;;;;
;;;;;;;;;;;;;;
;;;;;;;;;;;;;;
